id,name,age,gender
101,John,32,Male
102,Jane,28,Female
103,Bob,40,Male
104,Alice,36,Female
105,Mark,44,Male
106,Julia,29,Female
107,David,50,Male
108,Emily,34,Female
109,Michael,41,Male
110,Samantha,31,Female
111,Chris,45,Male
112,Megan,27,Female
113,Adam,38,Male
114,Olivia,33,Female
115,Nick,43,Male
116,Kate,30,Female
117,Max,47,Male
118,Chloe,25,Female
119,Tom,39,Male
120,Lisa,35,Female
121,Dan,48,Male
122,Kelly,26,Female
123,Steve,37,Male
124,Stephanie,32,Female
125,Joe,42,Male
126,Laura,28,Female
127,Ryan,51,Male
128,Ashley,33,Female
129,Patrick,40,Male
130,Melissa,30,Female
131,Sean,46,Male
132,Katie,24,Female
133,Rob,39,Male
134,Lauren,31,Female
135,Josh,45,Male
136,Tara,29,Female
137,Andrew,49,Male
138,Mary,35,Female
139,Will,36,Male
140,Grace,26,Female
